"depth","N1_60","fines_content","depth_water","sigma","sigma_prime","a_t","CSR","Vs","phi","magnitude","a_max","liqified"
1,6,90,0.77,16.3,14,0.14,0.29,105,28.48,7.4,0.4,"No"
1.8,8,94,0.77,30.9,20.6,0.08,0.37,105,29.17,7.4,0.4,"No"
2.6,7,100,0.77,45.6,27.3,0.04,0.41,85,26.96,7.4,0.4,"No"
3.4,5,87,0.77,60.3,34,0.03,0.43,85,29.68,7.4,0.4,"No"
4.2,5,74,0.77,75.8,41.5,0.02,0.44,85,26.93,7.4,0.4,"Yes"
5,3,92,0.77,90.1,47.8,0.02,0.45,85,28.39,7.4,0.4,"No"
6,3,97,0.77,108.2,55.9,0.15,0.45,250,26,7.4,0.4,"No"
7,19,70,0.77,127.9,65.6,0.13,0.45,250,33.42,7.4,0.4,"Yes"
8,26,58,0.77,147.5,75.2,0.11,0.44,250,35.1,7.4,0.4,"No"
9,48,5,0.77,167.3,85,0.1,0.44,250,42.72,7.4,0.4,"No"
1,3,74,0.78,18,15.8,0.14,0.29,105,26,7.4,0.4,"Yes"
1.8,5,86,0.78,32.8,22.6,0.08,0.36,105,26.93,7.4,0.4,"Yes"
3.4,2,85,0.78,62.4,36.2,0.03,0.42,85,29.14,7.4,0.4,"No"
4.2,10,93,0.78,77.4,43.2,0.02,0.43,85,29.17,7.4,0.4,"Yes"
6,4,99,0.78,109.5,57.3,0.15,0.45,250,29.97,7.4,0.4,"No"
7,11,85,0.78,128.3,66.1,0.13,0.44,250,30.95,7.4,0.4,"Yes"
8.5,39,8,0.78,156.2,79,0.11,0.44,250,40.78,7.4,0.4,"No"
10,25,6,0.78,186.6,94.4,0.09,0.43,250,37.32,7.4,0.4,"No"
1.8,7,99,0.71,30.3,19.4,0.09,0.39,111,27.34,7.4,0.4,"No"
2.8,4,99,0.71,48.8,27.9,0.07,0.43,121,27.34,7.4,0.4,"No"
3.7,6,79,0.71,66,36.1,0.05,0.44,118,27.75,7.4,0.4,"Yes"
5.6,5,96,0.71,99.9,51,0.03,0.46,105,26.93,7.4,0.4,"Yes"
6.5,17,88,0.71,117,59.1,0.07,0.46,173,32.96,7.4,0.4,"Yes"
8.5,49,9,0.71,157.1,79.2,0.05,0.44,173,42.45,7.4,0.4,"No"
4.1,7,97,0.82,74.1,41.3,0.02,0.43,85,28.49,7.4,0.4,"Yes"
5,3,98,0.82,90.5,48.7,0.17,0.44,250,29.97,7.4,0.4,"No"
6.6,18,92,0.82,120,62.2,0.13,0.45,250,32.99,7.4,0.4,"No"
8,32,66,0.82,147.9,76.1,0.11,0.44,250,38.65,7.4,0.4,"No"
9.5,75,8,0.82,179.3,92.5,0.1,0.43,250,44.8,7.4,0.4,"No"
11,33,10,0.82,211.1,109.3,0.35,0.41,500,46.35,7.4,0.4,"No"
12.5,33,7,0.82,243.2,126.4,0.31,0.4,500,40.49,7.4,0.4,"No"
15,10,100,0.82,289.7,147.9,0.27,0.39,500,25.37,7.4,0.4,"No"
1.6,3,96,3.1,25.3,25.1,0.11,0.25,115,24.9,7.4,0.4,"No"
2.6,3,82,3.1,43,42.7,0.07,0.25,115,26,7.4,0.4,"No"
3.5,10,21,3.1,58.6,54.6,0.13,0.26,185,29.8,7.4,0.4,"Yes"
4.2,12,14,3.1,72.3,61.3,0.11,0.28,185,30.39,7.4,0.4,"Yes"
5,31,29,3.1,89.3,70.3,0.09,0.3,185,37.66,7.4,0.4,"No"
6.2,33,5,3.1,116.4,85.4,0.08,0.32,185,38.65,7.4,0.4,"No"
8,31,5,3.1,155.2,106.2,0.29,0.33,400,39.59,7.4,0.4,"No"
10.5,8,100,3.1,202.3,128.3,0.23,0.34,400,26.11,7.4,0.4,"No"
12.4,12,100,3.1,238.1,145.1,0.2,0.34,400,26.11,7.4,0.4,"No"
13.7,9,36,3.1,263.3,157.3,0.19,0.34,400,30.95,7.4,0.4,"Yes"
16,9,100,3.1,306.1,177.1,0.17,0.34,400,27.15,7.4,0.4,"No"
1.4,4,87,1.68,21.5,21.5,0.12,0.25,115,31.3,7.4,0.4,"No"
3,2,91,1.68,50.8,37.6,0.15,0.33,185,24.9,7.4,0.4,"Yes"
3.9,15,5,1.68,70,47.8,0.12,0.35,185,31.49,7.4,0.4,"Yes"
4.7,25,5,1.68,86.4,56.2,0.1,0.37,185,35.09,7.4,0.4,"No"
7,31,3,1.68,138.2,85,0.33,0.37,400,43.97,7.4,0.4,"No"
8,35,4,1.68,159.8,96.6,0.29,0.37,400,44.29,7.4,0.4,"No"
1.8,3,99,1.5,28.7,25.7,0.05,0.28,85,24.9,7.4,0.4,"No"
2.6,4,99,1.5,43.2,32.2,0.04,0.33,85,25.8,7.4,0.4,"No"
4.2,11,98,1.5,72.9,45.9,0.02,0.38,85,29.8,7.4,0.4,"Yes"
5,18,67,1.5,88.4,53.4,0.09,0.39,180,32.96,7.4,0.4,"Yes"
6,48,53,1.5,107.8,62.8,0.08,0.4,180,42.45,7.4,0.4,"No"
7.4,20,1,1.5,138.1,79.1,0.06,0.4,180,35.49,7.4,0.4,"No"
9.6,13,89,1.5,180.3,99.3,0.05,0.4,180,31.48,7.4,0.4,"Yes"
1.7,3,97,1.34,28.9,25.3,0.16,0.28,145,24.9,7.4,0.4,"Yes"
3.3,9,99,1.34,58,38.4,0.08,0.37,141,25.37,7.4,0.4,"No"
4.9,10,87,1.34,88.2,52.6,0.02,0.4,85,29.17,7.4,0.4,"No"
5.7,47,71,1.34,104,60.4,0.08,0.4,180,40.2,7.4,0.4,"No"
6.5,16,92,1.34,119.5,67.9,0.07,0.41,180,31.49,7.4,0.4,"Yes"
7.6,7,99,1.34,139.7,77.1,0.06,0.41,180,28.88,7.4,0.4,"No"
9,9,99,1.34,165.6,89,0.05,0.41,180,29.17,7.4,0.4,"Yes"
3.8,10,28,1.3,68.2,43.2,0.04,0.38,100,29.17,7.4,0.4,"Yes"
4.6,4,88,1.3,82.8,49.8,0.07,0.4,155,26,7.4,0.4,"Yes"
5.5,24,97,1.3,99.7,57.7,0.06,0.41,155,30.6,7.4,0.4,"No"
6.7,12,83,1.3,122.5,68.5,0.05,0.41,155,31.49,7.4,0.4,"Yes"
7.7,6,98,1.3,140.5,76.5,0.04,0.42,155,27.75,7.4,0.4,"No"
9.8,23,75,1.3,182.3,97.3,0.04,0.41,155,35.87,7.4,0.4,"Yes"
1.4,4,99,0.44,23.9,14.3,0.09,0.42,100,29.97,7.4,0.4,"No"
2.4,2,99,0.44,41.8,22.2,0.06,0.47,100,29.97,7.4,0.4,"No"
3.5,3,99,0.44,61.5,30.9,0.04,0.48,100,29.97,7.4,0.4,"No"
4.4,7,51,0.44,78.9,39.3,0.07,0.48,155,27.75,7.4,0.4,"Yes"
3,1,96,0.44,51.8,26.7,0.03,0.47,85,29.4,7.4,0.4,"No"
5.1,5,100,0.44,90.8,44.2,0.09,0.49,180,31.3,7.4,0.4,"No"
6,55,99,0.44,107.3,51.7,0.08,0.48,180,41.91,7.4,0.4,"No"
7,44,4,0.44,129,63.4,0.07,0.47,180,40.2,7.4,0.4,"No"
1,3,94,0.96,15.1,14.7,0.09,0.26,85,24.9,7.4,0.4,"Yes"
1.8,1,87,0.96,29.9,21.5,0.05,0.35,85,23.46,7.4,0.4,"Yes"
2.5,16,99,0.96,42.3,26.9,0.04,0.39,85,27.34,7.4,0.4,"No"
1,6,84,0.96,15.1,14.7,0.09,0.26,85,26.93,7.4,0.4,"Yes"
1.9,4,72,0.96,31.1,22.2,0.05,0.35,85,26,7.4,0.4,"Yes"
2.6,4,99,0.96,47.3,30.9,0.04,0.38,85,28.39,7.4,0.4,"No"
3.3,7,99,0.96,60.3,36.9,0.03,0.4,85,25.65,7.4,0.4,"No"
1.1,1,81,1.69,21.6,21.6,0.2,0.25,130,32.99,7.4,0.4,"No"
1.9,2,71,1.69,36.1,34,0.15,0.26,145,24.9,7.4,0.4,"Yes"
2.7,2,99,1.69,48,37.9,0.1,0.31,145,28.88,7.4,0.4,"No"
3.4,9,89,1.69,61,43.9,0.08,0.34,145,34.16,7.4,0.4,"Yes"
4.4,30,4,1.69,82.5,55.4,0.07,0.36,145,41.61,7.4,0.4,"No"
5.5,30,3,1.69,107.3,69.2,0.05,0.36,145,41.97,7.4,0.4,"No"
7.5,36,5,1.69,147.2,89.1,0.04,0.38,145,44.6,7.4,0.4,"No"
10,8,94,1.69,194.3,111.2,0.04,0.38,170,29.17,7.4,0.4,"No"
2.6,3,99,1.9,42.6,35.6,0.33,0.29,256,26,7.4,0.4,"No"
3.3,3,95,1.9,55.6,41.6,0.27,0.33,256,26,7.4,0.4,"No"
4.1,25,71,1.9,70,48,0.31,0.35,306,34.7,7.4,0.4,"No"
5.2,30,4,1.9,95,62,0.17,0.36,251,41.97,7.4,0.4,"No"
7,31,5,1.9,136.1,85.1,0.13,0.37,251,43.97,7.4,0.4,"No"
3.2,5,52,2.28,52.1,42.9,0.09,0.3,145,26.93,7.4,0.4,"Yes"
3.8,11,55,2.28,63.8,48.6,0.07,0.32,145,30.95,7.4,0.4,"Yes"
4.6,22,4,2.28,80.6,57.4,0.06,0.33,145,40.1,7.4,0.4,"Yes"
1.6,10,2,0.5,28.5,17.5,0.03,0.41,59,28.48,7.4,0.4,"Yes"
2.9,7,59,0.5,52.9,28.9,0.02,0.45,67,27.75,7.4,0.4,"Yes"
3.8,4,99,0.5,68.5,35.5,0.02,0.47,67,26,7.4,0.4,"No"
5.4,11,47,0.5,98.4,49.4,0.04,0.47,119,30.39,7.4,0.4,"Yes"
6.4,38,61,0.5,118.4,59.4,0.03,0.46,119,39.59,7.4,0.4,"No"
8.8,13,3,0.5,167.1,84.1,0.15,0.44,299,32,7.4,0.4,"Yes"
2.2,9,5,0.44,41.2,23.6,0.02,0.43,59,28.49,7.4,0.4,"Yes"
1.6,18,5,0.35,28.9,16.4,0.04,0.44,72,32,7.4,0.4,"Yes"
2.4,4,2,0.35,46.4,25.9,0.02,0.44,59,26,7.4,0.4,"Yes"
3.2,9,59,0.35,61.3,32.8,0.02,0.46,67,28.49,7.4,0.4,"Yes"
4,4,99,0.35,75.1,38.6,0.02,0.47,67,27.14,7.4,0.4,"No"
5.4,24,98,0.35,101,50.5,0.01,0.47,60,29.97,7.4,0.4,"No"
1,9,99,0.74,15.8,13.2,0.14,0.3,105,24.96,7.4,0.4,"No"
2.9,4,64,0.74,55.3,33.7,0.03,0.4,85,26,7.4,0.4,"Yes"
4,5,89,0.74,75.6,43,0.02,0.42,85,26.93,7.4,0.4,"No"
4.8,12,94,0.74,90,49.4,0.02,0.43,85,27.34,7.4,0.4,"No"
6.1,12,96,0.74,114,60.4,0.14,0.44,250,30.95,7.4,0.4,"Yes"
7,31,8,0.74,132.1,69.5,0.13,0.44,250,38.33,7.4,0.4,"No"
7.9,44,9,0.74,150.4,78.8,0.11,0.43,250,42.18,7.4,0.4,"No"
8.8,44,5,0.74,169.1,88.5,0.1,0.42,250,43,7.4,0.4,"No"
1.1,4,99,0.8,17.9,14.9,0.06,0.3,72,29.68,7.4,0.4,"No"
3,6,85,0.8,53.2,31.2,0.02,0.42,67,27.75,7.4,0.4,"Yes"
3.8,4,95,0.8,68,38,0.02,0.43,67,26,7.4,0.4,"No"
4.6,4,98,0.8,82.6,44.6,0.01,0.44,59,30.28,7.4,0.4,"No"
5.5,24,89,0.8,99.5,52.5,0.01,0.45,59,35.49,7.4,0.4,"Yes"
6.5,38,8,0.8,119.6,62.6,0.03,0.44,117,38.97,7.4,0.4,"No"
8,18,25,0.8,148.1,76.1,0.16,0.44,299,32.96,7.4,0.4,"Yes"
9.1,15,81,0.8,169.3,86.3,0.14,0.43,299,32.49,7.4,0.4,"Yes"
1.2,3,97,0.6,20,14,0.13,0.36,110,24.9,7.4,0.4,"No"
2,7,93,0.6,34.7,20.7,0.08,0.42,110,27.75,7.4,0.4,"Yes"
2.8,9,92,0.6,49.6,27.6,0.06,0.44,110,28.49,7.4,0.4,"Yes"
3.6,3,96,0.6,64.2,34.2,0.03,0.45,90,28.17,7.4,0.4,"No"
4.4,5,94,0.6,78.6,40.6,0.03,0.46,90,26.93,7.4,0.4,"No"
5.2,18,18,0.6,94.5,48.5,0.05,0.46,135,32.49,7.4,0.4,"Yes"
6,36,88,0.6,110.6,56.6,0.04,0.46,135,33.33,7.4,0.4,"No"
6.8,15,14,0.6,126.1,64.1,0.04,0.45,135,32,7.4,0.4,"Yes"
8.3,10,91,0.6,154.7,77.7,0.03,0.45,135,29.8,7.4,0.4,"Yes"
10.2,27,19,0.6,193,97,0.03,0.43,135,38,7.4,0.4,"No"
1.8,4,81,0.84,30.6,21,0.09,0.36,110,26,7.4,0.4,"Yes"
2.7,12,53,0.84,47.5,28.9,0.06,0.4,110,29.8,7.4,0.4,"Yes"
4,4,99,0.84,70.3,38.7,0.03,0.44,90,25.51,7.4,0.4,"No"
5.2,20,39,0.84,93.9,50.3,0.05,0.44,135,33.42,7.4,0.4,"Yes"
6.3,21,99,0.84,114.3,59.7,0.04,0.44,135,34.28,7.4,0.4,"Yes"
7.1,13,98,0.84,129.5,66.9,0.04,0.44,135,31.49,7.4,0.4,"Yes"
8.4,11,100,0.84,153.2,77.6,0.03,0.44,135,26.11,7.4,0.4,"No"
3.5,8,98,0.75,63.1,35.6,0.03,0.43,90,28.49,7.4,0.4,"Yes"
5.5,7,72,0.75,101,53.5,0.05,0.44,135,28.49,7.4,0.4,"Yes"
6.5,36,64,0.75,119,61.5,0.04,0.45,135,34.28,7.4,0.4,"No"
9,7,97,0.75,165.1,82.6,0.03,0.44,135,27.34,7.4,0.4,"No"
1.2,3,91,0.4,20.6,12.6,0.13,0.41,110,26,7.4,0.4,"Yes"
2,6,56,0.4,36.1,20.1,0.08,0.45,110,27.75,7.4,0.4,"Yes"
2.8,8,65,0.4,50.7,26.7,0.06,0.47,110,30.95,7.4,0.4,"Yes"
3.8,5,97,0.4,69.1,35.1,0.03,0.48,90,28.88,7.4,0.4,"No"
4.4,7,99,0.4,79.9,39.9,0.03,0.48,90,27.75,7.4,0.4,"Yes"
1.2,3,75,1.72,20,20,0.03,0.25,49,29.68,7.4,0.4,"No"
2.2,15,15,1.72,39.9,35.1,0.01,0.28,49,31.49,7.4,0.4,"Yes"
3,3,98,1.72,54.1,41.3,0.02,0.32,66,26,7.4,0.4,"No"
3.8,3,100,1.72,68.2,47.4,0.02,0.35,66,26,7.4,0.4,"No"
4.9,5,99,1.72,88.8,57,0.03,0.37,96,31.68,7.4,0.4,"No"
5.7,14,80,1.72,104,64.2,0.02,0.38,95,32.49,7.4,0.4,"Yes"
6.5,8,99,1.72,118.6,70.8,0.02,0.39,95,29.17,7.4,0.4,"Yes"
7.3,9,99,1.72,133.2,77.4,0.01,0.39,81,29.8,7.4,0.4,"No"
8.5,7,98,1.72,154.6,86.8,0.01,0.4,67,29.17,7.4,0.4,"Yes"
9.9,9,9,1.72,181.7,99.9,0.01,0.4,65,30.39,7.4,0.4,"Yes"
11,7,98,1.72,202,109.2,0.01,0.4,67,25.23,7.4,0.4,"No"
1,7,72,1.64,15,15,0.83,0.25,253,27.75,7.4,0.4,"No"
1.8,5,68,1.64,30.6,29,0.47,0.26,253,26.93,7.4,0.4,"Yes"
2.6,6,92,1.64,45.6,36,0.33,0.31,253,27.75,7.4,0.4,"Yes"
3.6,3,97,1.64,64,44.4,0.09,0.35,151,26,7.4,0.4,"No"
4.5,12,85,1.64,81.2,52.6,0.01,0.37,44,33.48,7.4,0.4,"Yes"
5.4,18,51,1.64,98.9,61.3,0.01,0.38,47,32.96,7.4,0.4,"Yes"
6.2,16,72,1.64,113.8,68.2,0.01,0.39,49,32.96,7.4,0.4,"Yes"
7,14,42,1.64,129.6,76,0,0.39,49,32.49,7.4,0.4,"Yes"
8,13,74,1.64,148.9,85.3,0.02,0.39,95,32.49,7.4,0.4,"Yes"
9,11,100,1.64,167.4,93.8,0.01,0.4,95,28.17,7.4,0.4,"No"
10,10,96,1.64,186.2,102.6,0.01,0.39,92,30.39,7.4,0.4,"No"
12,27,90,1.64,225,121.4,0.01,0.39,88,34.89,7.4,0.4,"No"
1.5,4,97,0.54,25.4,15.8,0.01,0.4,40,26,7.4,0.4,"No"
2.3,9,69,0.54,40.5,22.9,0.15,0.44,161,29.17,7.4,0.4,"Yes"
3.1,5,95,0.54,55.2,29.6,0.01,0.45,51,26.93,7.4,0.4,"Yes"
4,5,97,0.54,71.9,37.3,0,0.46,37,27.34,7.4,0.4,"No"
4.8,13,84,0.54,87.5,44.9,0,0.46,37,29.14,7.4,0.4,"No"
5.6,10,90,0.54,102.4,51.8,0.03,0.46,102,29.8,7.4,0.4,"Yes"
7,12,67,0.54,129.9,65.3,0.04,0.46,134,30.95,7.4,0.4,"Yes"
8,7,99,0.54,148.4,73.8,0.03,0.45,134,28.48,7.4,0.4,"Yes"
9,9,99,0.54,167.2,82.6,0.01,0.45,65,29.17,7.4,0.4,"No"
2.5,13,65,0.45,42.4,21.9,0.06,0.48,105,30.39,7.4,0.4,"Yes"
5.2,8,75,0.45,92.8,45.3,0.04,0.48,120,28.48,7.4,0.4,"Yes"
6,18,99,0.45,107.5,52,0.05,0.48,145,32.49,7.4,0.4,"Yes"
8.5,9,89,0.45,153.6,73.1,0.04,0.47,145,29.8,7.4,0.4,"Yes"
11,9,98,0.45,201.9,96.4,0.03,0.45,145,27.95,7.4,0.4,"No"
12,28,97,0.45,220.3,104.8,0.03,0.44,145,37.32,7.4,0.4,"No"
14,12,99,0.45,258.2,122.7,0.02,0.43,145,31.3,7.4,0.4,"No"
2,30,11,10,37.3,37.3,0.14,0.25,146,41.24,7.4,0.4,"No"
3.5,14,34,10,66.2,66.2,0.08,0.24,145,32,7.4,0.4,"No"
5,13,82,10,91.2,91.2,0.06,0.24,145,26.78,7.4,0.4,"No"
6.6,8,35,10,122,122,0.05,0.23,145,29.8,7.4,0.4,"No"
8,48,89,10,146.7,146.7,0.05,0.23,170,34.05,7.4,0.4,"No"
2.3,5,65,1.5,38.3,30.3,0.06,0.31,100,26.93,7.4,0.4,"Yes"
3.4,4,78,1.5,56.8,38.3,0.09,0.36,150,31.3,7.4,0.4,"No"
4.1,9,33,1.5,71.2,45.2,0.07,0.38,150,28.49,7.4,0.4,"Yes"
5,6,99,1.5,84.6,50.1,0.06,0.4,150,26.96,7.4,0.4,"No"
5.8,10,98,1.5,99.6,56.6,0.05,0.41,150,29.8,7.4,0.4,"Yes"
6.8,43,17,1.5,117.9,65.4,0.05,0.41,150,40.19,7.4,0.4,"No"
7.9,40,11,1.5,138.8,74.8,0.04,0.42,150,39.9,7.4,0.4,"No"
9,50,4,1.5,157,82.5,0.04,0.42,150,42.71,7.4,0.4,"No"
0.9,7,97,0.95,13.7,13.7,0.16,0.25,105,28.4,7.4,0.4,"No"
1.7,6,89,0.95,27.8,20.3,0.08,0.34,105,26.93,7.4,0.4,"Yes"
2.6,6,89,0.95,43.7,27.2,0.04,0.4,85,26.93,7.4,0.4,"Yes"
3.7,4,100,0.95,61,33.5,0.03,0.44,85,28.4,7.4,0.4,"No"
4.8,4,97,0.95,79.5,41.5,0.02,0.46,85,26,7.4,0.4,"Yes"
5.8,5,99,0.95,97.2,49.2,0.02,0.46,85,26.93,7.4,0.4,"No"
6.7,17,54,0.95,113.9,56.4,0.13,0.46,250,32.96,7.4,0.4,"Yes"
8,6,100,0.95,134.4,63.9,0.11,0.47,250,27.34,7.4,0.4,"No"
9.1,9,99,0.95,151.6,70.1,0.1,0.48,250,26.44,7.4,0.4,"No"
5,1,86,0.9,85.2,44.7,0.04,0.45,120,27.54,7.4,0.4,"No"
7,1,96,0.9,117.4,56.4,0.03,0.48,120,27.54,7.4,0.4,"No"
4.4,4,97,1.1,82.7,49.7,0.03,0.4,95,30.94,7.4,0.4,"No"
6.3,5,98,1.1,116.3,64.3,0.02,0.42,95,31.3,7.4,0.4,"No"
7.4,4,98,1.1,134.8,72.3,0.02,0.42,95,31.3,7.4,0.4,"No"
10.5,10,78,1.1,190.5,96.5,0.03,0.43,135,26.61,7.4,0.4,"No"
3.8,1,93,1.2,65.7,39.7,0.02,0.4,70,31.68,7.4,0.4,"No"
7.5,13,100,1.2,131,68,0.01,0.44,70,30.94,7.4,0.4,"No"
1,8,98,1.11,15,15,0.17,0.25,115,26.27,7.4,0.4,"No"
2.2,9,98,1.11,38.1,27.2,0.08,0.35,115,26.96,7.4,0.4,"No"
3.5,9,71,1.11,62.9,39,0.05,0.39,115,29.17,7.4,0.4,"Yes"
4.5,8,97,1.11,81.1,47.2,0.04,0.41,115,24.58,7.4,0.4,"No"
5.5,17,99,1.11,100.4,56.5,0.05,0.42,140,24.7,7.4,0.4,"No"
7,9,100,1.11,128.8,69.9,0.04,0.42,140,25.65,7.4,0.4,"No"
8,3,99,1.11,147.5,78.6,0.04,0.42,140,29.14,7.4,0.4,"No"
9,5,95,1.11,166.5,87.6,0.04,0.42,160,27.75,7.4,0.4,"Yes"
1.2,12,99,2.4,18.2,18.2,0.14,0.25,115,26.27,7.4,0.4,"No"
2.2,4,77,2.4,35.9,35.9,0.08,0.25,115,26.93,7.4,0.4,"No"
3,7,94,2.4,51.2,45.2,0.06,0.28,115,28.63,7.4,0.4,"No"
3.8,7,68,2.4,66.2,52.2,0.05,0.31,115,27.75,7.4,0.4,"Yes"
5,5,94,2.4,88.7,62.7,0.05,0.33,140,30.28,7.4,0.4,"No"
5.8,10,99,2.4,103.6,69.6,0.05,0.35,140,29.8,7.4,0.4,"Yes"
6.6,7,20,2.4,119.3,77.3,0.04,0.36,140,28.49,7.4,0.4,"Yes"
7.6,7,80,2.4,141.6,89.6,0.04,0.36,140,28.49,7.4,0.4,"Yes"
8.5,9,78,2.4,159,98,0.03,0.36,140,29.8,7.4,0.4,"Yes"
9.5,4,78,2.4,178.1,107.1,0.04,0.37,160,26.93,7.4,0.4,"Yes"
1.9,14,82,0.37,22.8,7.5,0.07,0.76,100,29.17,7.4,0.4,"Yes"
2.8,5,98,0.37,38.9,14.6,0.05,0.65,100,28.88,7.4,0.4,"No"
3.8,6,82,0.37,57.7,23.4,0.08,0.6,150,26.93,7.4,0.4,"Yes"
5,21,65,0.37,80.6,34.3,0.06,0.56,150,33.42,7.4,0.4,"Yes"
6.2,15,81,0.37,103.8,45.5,0.05,0.53,150,29.97,7.4,0.4,"Yes"
7.2,21,13,0.37,123.3,55,0.04,0.51,150,34.28,7.4,0.4,"Yes"
8.4,31,7,0.37,148,67.7,0.04,0.49,150,38,7.4,0.4,"No"
9.2,7,99,0.37,162.2,73.9,0.04,0.48,160,25.51,7.4,0.4,"No"
2.8,6,65,2.6,26.8,24.9,0.06,0.25,100,26.93,7.4,0.4,"Yes"
3.3,4,78,2.6,47.9,40.9,0.09,0.28,150,31.3,7.4,0.4,"No"
4,8,33,2.6,61.4,47.4,0.08,0.31,150,28.49,7.4,0.4,"Yes"
4.9,6,99,2.6,77.6,54.6,0.06,0.34,150,26.96,7.4,0.4,"No"
5.7,10,98,2.6,92.2,61.2,0.06,0.35,150,29.8,7.4,0.4,"Yes"
6.7,42,17,2.6,112.7,71.7,0.05,0.36,150,40.2,7.4,0.4,"No"
7.7,39,11,2.6,133,82,0.04,0.37,150,39.9,7.4,0.4,"No"
8.9,47,4,2.6,160.1,97.1,0.04,0.37,150,42.72,7.4,0.4,"No"
1.4,2,51,0.74,23.4,16.8,0.16,0.35,130,23.46,7.4,0.4,"Yes"
2.5,6,83,0.74,43.9,26.3,0.09,0.41,130,26.93,7.4,0.4,"Yes"
3.3,6,83,0.74,59,33.4,0.12,0.43,170,26.93,7.4,0.4,"Yes"
4.2,5,94,0.74,75.4,40.8,0.09,0.44,170,26.93,7.4,0.4,"Yes"
5,6,92,0.74,91.5,48.9,0.08,0.44,170,27.95,7.4,0.4,"No"
5.7,14,9,0.74,105.5,55.9,0.07,0.44,170,32,7.4,0.4,"Yes"
6.5,45,5,0.74,122.1,64.5,0.06,0.44,170,41.63,7.4,0.4,"No"
7.5,39,8,0.74,142.7,75.1,0.06,0.43,170,40.78,7.4,0.4,"No"
8.5,7,98,0.74,161.1,83.5,0.06,0.43,190,29.14,7.4,0.4,"No"
1.4,3,51,0.62,23.9,16.1,0.16,0.37,130,24.9,7.4,0.4,"Yes"
2.3,7,9,0.62,41.9,25.1,0.1,0.41,135,32.74,7.4,0.4,"Yes"
3.2,6,98,0.62,58.7,32.9,0.08,0.43,135,32.99,7.4,0.4,"No"
4,4,100,0.62,73.4,39.6,0.06,0.45,135,26,7.4,0.4,"Yes"
5,6,100,0.62,93,49.2,0.05,0.45,135,27.75,7.4,0.4,"Yes"
6,10,98,0.62,111.4,57.6,0.04,0.45,135,31.3,7.4,0.4,"No"
6.8,13,97,0.62,126.1,64.3,0.04,0.45,135,32.09,7.4,0.4,"No"
8,9,9,0.62,150.2,76.4,0.03,0.44,135,34.8,7.4,0.4,"Yes"
9.2,4,97,0.62,172.9,87.1,0.03,0.44,135,29.68,7.4,0.4,"No"
1,7,97,0.92,17.6,16.8,0.13,0.26,100,26.44,7.4,0.4,"No"
2,3,87,0.92,36.6,25.8,0.07,0.35,100,24.9,7.4,0.4,"Yes"
3,7,90,0.92,55,34.2,0.1,0.39,150,27.75,7.4,0.4,"Yes"
4,7,96,0.92,73.3,42.5,0.08,0.42,150,27.75,7.4,0.4,"Yes"
5,4,100,0.92,91.3,50.5,0.06,0.43,150,25.8,7.4,0.4,"No"
5.8,7,88,0.92,106.4,57.6,0.05,0.43,150,33.5,7.4,0.4,"Yes"
6.7,5,98,0.92,122.9,65.1,0.05,0.43,150,28.4,7.4,0.4,"Yes"
8,7,100,0.92,146.6,75.8,0.04,0.44,150,26.11,7.4,0.4,"No"
9.2,32,20,0.92,170.8,88,0.04,0.43,160,39.29,7.4,0.4,"No"
10,45,11,0.92,187.1,96.3,0.04,0.42,160,43.24,7.4,0.4,"No"
1,5,95,0.77,18.1,8.1,0.13,0.56,100,26.78,7.4,0.4,"No"
1.8,5,99,0.77,32.5,14.5,0.07,0.56,100,25.51,7.4,0.4,"No"
2.9,5,91,0.77,53,24,0.05,0.54,100,32.09,7.4,0.4,"Yes"
4,3,78,0.77,73.7,33.7,0.08,0.53,150,24.9,7.4,0.4,"Yes"
5,16,92,0.77,92.9,42.9,0.06,0.51,150,32,7.4,0.4,"Yes"
6.1,16,80,0.77,114.6,53.6,0.05,0.5,150,32.49,7.4,0.4,"Yes"
7.5,38,41,0.77,142.6,67.6,0.04,0.48,150,40.2,7.4,0.4,"No"
8.5,40,20,0.77,162.8,77.8,0.04,0.47,150,41.07,7.4,0.4,"No"
9.4,34,24,0.77,180.9,86.9,0.04,0.46,160,39.9,7.4,0.4,"No"
1.3,5,84,0.5,20.5,12.5,0.1,0.41,100,26,7.4,0.4,"Yes"
2.1,11,91,0.5,35.7,19.7,0.06,0.45,100,29.17,7.4,0.4,"Yes"
3,6,97,0.5,51.5,26.5,0.1,0.47,150,26.93,7.4,0.4,"Yes"
4,7,83,0.5,69.7,34.7,0.08,0.48,150,27.75,7.4,0.4,"Yes"
5,15,54,0.5,89.3,44.3,0.06,0.48,150,32,7.4,0.4,"Yes"
6,16,99,0.5,108.1,53.1,0.05,0.47,150,32.49,7.4,0.4,"Yes"
7,13,95,0.5,126.4,61.4,0.05,0.47,150,31.49,7.4,0.4,"Yes"
8,6,99,0.5,144.7,69.7,0.04,0.47,150,28.63,7.4,0.4,"No"
9,8,100,0.5,162.9,77.9,0.04,0.46,160,29.17,7.4,0.4,"Yes"
1,3,89,1.16,15.5,15.5,0.13,0.25,100,30.6,7.4,0.4,"No"
2,7,57,1.16,34.7,26.3,0.07,0.33,100,27.75,7.4,0.4,"Yes"
3,4,99,1.16,52.5,34.1,0.1,0.38,150,26.11,7.4,0.4,"No"
3.9,4,92,1.16,69.6,42.2,0.08,0.4,150,26,7.4,0.4,"Yes"
5,15,35,1.16,91.4,53,0.06,0.41,150,32,7.4,0.4,"Yes"
6,10,82,1.16,110.6,62.2,0.05,0.41,150,30.39,7.4,0.4,"Yes"
7,11,93,1.16,128.5,70.1,0.05,0.42,150,30.95,7.4,0.4,"Yes"
8,13,58,1.16,147.7,79.3,0.04,0.42,150,32,7.4,0.4,"Yes"
9,8,99,1.16,166.9,88.5,0.04,0.42,160,28.4,7.4,0.4,"Yes"
1,7,87,0.64,16.1,12.5,0.13,0.32,100,30.94,7.4,0.4,"No"
2,12,43,0.64,34.7,21.1,0.07,0.41,100,29.8,7.4,0.4,"Yes"
3,3,57,0.64,53.9,30.3,0.1,0.43,150,24.9,7.4,0.4,"Yes"
4,5,95,0.64,72.3,38.7,0.08,0.45,150,27.54,7.4,0.4,"No"
5,11,91,0.64,91.6,48,0.06,0.45,150,30.39,7.4,0.4,"Yes"
6,12,58,0.64,111.2,57.6,0.05,0.45,150,30.95,7.4,0.4,"Yes"
7,10,93,0.64,130.2,66.6,0.05,0.45,150,30.39,7.4,0.4,"Yes"
8,9,89,0.64,147.7,74.1,0.04,0.45,150,29.8,7.4,0.4,"Yes"
8.8,7,100,0.64,162.2,80.6,0.04,0.45,150,29.17,7.4,0.4,"Yes"
9.8,34,7,0.64,183.3,91.7,0.04,0.44,160,39.9,7.4,0.4,"No"
1.1,11,89,1.65,17.7,17.7,0.12,0.25,100,26.96,7.4,0.4,"No"
3.5,5,65,1.65,65.5,47,0.09,0.34,150,26.93,7.4,0.4,"Yes"
4.7,6,97,1.65,86.2,55.7,0.07,0.37,150,26.96,7.4,0.4,"No"
5.8,31,34,1.65,108.2,66.7,0.05,0.38,150,38,7.4,0.4,"No"
7,9,84,1.65,132.5,79,0.05,0.38,150,29.8,7.4,0.4,"Yes"
8.3,10,96,1.65,157.5,91,0.04,0.39,150,30.95,7.4,0.4,"Yes"
9.2,7,94,1.65,174.1,98.6,0.04,0.39,160,29.17,7.4,0.4,"Yes"
10,29,32,1.65,190.3,106.8,0.04,0.39,160,38.97,7.4,0.4,"No"
2.8,8,18,0.6,55.2,33.6,0.11,0.19,157,27.75,7.6,0.18,"Yes"
4.4,8,98,0.6,88.3,51,0.07,0.2,157,31.88,7.6,0.18,"No"
5.8,2,60,0.6,113.6,62.6,0.06,0.21,157,34.28,7.6,0.18,"No"
7.2,10,98,0.6,140.5,75.7,0.05,0.21,157,29.94,7.6,0.18,"No"
8.8,5,98,0.6,168.6,88.2,0.04,0.21,157,32.13,7.6,0.18,"No"
10.2,5,99,0.6,186.9,96.7,0.04,0.21,157,30.54,7.6,0.18,"No"
11.8,4,90,0.6,222.7,112.9,0.03,0.2,157,26,7.6,0.18,"Yes"
13.2,18,21,0.6,250.5,126.9,0.06,0.19,227,33.86,7.6,0.18,"No"
16.2,13,13,0.6,313,160,0.05,0.17,227,32.49,7.6,0.18,"Yes"
17.2,18,16,0.6,333.5,170.7,0.05,0.16,227,34.7,7.6,0.18,"No"
18.8,18,16,0.6,367.5,189,0.05,0.15,227,35.1,7.6,0.18,"No"
1.2,6,76,0.7,18.8,13.9,0.2,0.16,138,33.29,7.6,0.18,"No"
4.6,8,49,0.7,82.5,44.2,0.05,0.21,125,27.75,7.6,0.18,"Yes"
5.6,5,99,0.7,101.3,53.2,0.07,0.22,175,33.45,7.6,0.18,"No"
9.6,8,97,0.7,175.6,88.3,0.05,0.22,175,34.05,7.6,0.18,"No"
12.2,12,96,0.7,224,111.2,0.04,0.2,175,35.04,7.6,0.18,"No"
13.2,9,80,0.7,243,120.4,0.04,0.2,175,34.46,7.6,0.18,"No"
14.8,12,80,0.7,276,137.7,0.03,0.18,175,34.71,7.6,0.18,"No"
16.2,12,85,0.7,304.3,152.2,0.06,0.17,250,33.04,7.6,0.18,"No"
17.2,40,47,0.7,324.2,162.4,0.06,0.16,250,41.91,7.6,0.18,"No"
1.2,6,44,2.5,18.7,18.7,0.24,0.12,150,28.15,7.6,0.18,"No"
2.8,6,90,2.5,45.7,42.7,0.1,0.12,150,33.6,7.6,0.18,"No"
4.2,6,97,2.5,72.5,55.9,0.07,0.15,150,32.44,7.6,0.18,"No"
5.8,4,33,2.5,103.3,71,0.05,0.17,150,26,7.6,0.18,"Yes"
7.2,9,90,2.5,129.8,83.7,0.06,0.17,172,29.17,7.6,0.18,"No"
8.8,11,99,2.5,161.9,100.1,0.05,0.18,172,30.94,7.6,0.18,"No"
10.2,11,91,2.5,187,111.5,0.04,0.18,172,27.3,7.6,0.18,"No"
11.8,7,76,2.5,217.5,126.3,0.04,0.18,172,28.49,7.6,0.18,"Yes"
13.2,8,98,2.5,245.4,140.4,0.03,0.17,172,31.01,7.6,0.18,"No"
14.8,5,98,2.5,273.4,152.8,0.03,0.16,172,36.29,7.6,0.18,"No"
16.2,13,74,2.5,300.2,165.8,0.03,0.16,172,32.49,7.6,0.18,"No"
17.8,12,91,2.5,332.6,182.5,0.03,0.15,172,32.39,7.6,0.18,"No"
19.2,25,22,2.5,358.2,194.4,0.05,0.14,241,38,7.6,0.18,"No"
2,7,93,1.78,30,27.9,0.16,0.13,158,34.4,7.6,0.18,"No"
3.2,5,70,1.78,52.9,39,0.1,0.16,158,26,7.6,0.18,"Yes"
4.2,5,99,1.78,72,48.2,0.08,0.17,158,26,7.6,0.18,"Yes"
5.8,6,90,1.78,100.7,61.2,0.06,0.19,158,26.93,7.6,0.18,"Yes"
10.2,14,28,1.78,181.2,98.6,0.05,0.2,182,31.49,7.6,0.18,"No"
11.8,14,98,1.78,212.3,114,0.04,0.19,167,32,7.6,0.18,"No"
13.2,18,15,1.78,238.1,126.1,0.07,0.18,250,33.86,7.6,0.18,"No"
14.8,17,18,1.78,270.7,142.9,0.07,0.17,250,33.86,7.6,0.18,"No"
16.2,17,13,1.78,299.4,157.9,0.06,0.16,250,34.28,7.6,0.18,"No"
17.8,10,75,1.78,331.9,174.7,0.04,0.15,200,34.58,7.6,0.18,"No"
19.2,9,96,1.78,360.4,189.5,0.04,0.14,200,31.97,7.6,0.18,"No"
1.2,6,85,0.85,17,13.6,0.27,0.15,161,32.01,7.6,0.18,"No"
3,13,99,0.85,49.3,28.2,0.11,0.2,161,29.17,7.6,0.18,"No"
4.8,11,99,0.85,81.6,42.9,0.07,0.22,161,31.49,7.6,0.18,"No"
6.5,4,55,0.85,112.4,57,0.05,0.22,161,26,7.6,0.18,"Yes"
7.5,7,56,0.85,131.3,66,0.05,0.22,161,27.75,7.6,0.18,"Yes"
9.2,16,50,0.85,163.2,81.3,0.04,0.22,161,32,7.6,0.18,"No"
12.5,11,98,0.85,228.2,113.9,0.03,0.2,161,32.01,7.6,0.18,"No"
13.2,7,99,0.85,241.1,119.9,0.03,0.2,161,32.09,7.6,0.18,"No"
14.8,10,88,0.85,269.5,132.6,0.04,0.19,200,32.85,7.6,0.18,"No"
16.2,10,89,0.85,297.2,146.6,0.06,0.17,243,32.62,7.6,0.18,"No"
17.8,16,12,0.85,328.7,162.4,0.06,0.16,243,33.86,7.6,0.18,"No"
1.2,4,7,0.71,20.7,15.9,0.21,0.15,140,24.9,7.6,0.18,"Yes"
2.8,6,99,0.71,52.1,31.6,0.09,0.19,140,31.8,7.6,0.18,"No"
4.2,15,51,0.71,77.7,43.4,0.06,0.21,140,30.39,7.6,0.18,"No"
7,13,99,0.71,130.4,68.7,0.04,0.21,140,28.59,7.6,0.18,"No"
8.8,8,84,0.71,163.9,84.6,0.03,0.21,140,36.8,7.6,0.18,"No"
11.8,7,68,0.71,223.4,114.6,0.05,0.2,200,28.49,7.6,0.18,"Yes"
13.2,10,59,0.71,248.9,126.4,0.04,0.19,184,30.39,7.6,0.18,"Yes"
14.8,12,11,0.71,279.5,141.2,0.04,0.18,184,31.49,7.6,0.18,"Yes"
16.5,8,91,0.71,313.4,158.5,0.03,0.17,184,34.34,7.6,0.18,"No"
17.8,13,98,0.71,339.6,172,0.03,0.16,184,30,7.6,0.18,"No"
19.2,8,100,0.71,365.9,184.5,0.03,0.15,184,30.34,7.6,0.18,"No"
1.2,6,8,1.7,17,17,0.19,0.12,133,26,7.6,0.18,"No"
2.8,8,95,1.7,45.4,34.6,0.08,0.15,133,32.85,7.6,0.18,"No"
5,8,65,1.7,86.1,53.7,0.05,0.18,133,33.04,7.6,0.18,"No"
6.1,14,14,1.7,106.9,63.7,0.06,0.19,167,30.95,7.6,0.18,"No"
7.2,15,23,1.7,130.9,77,0.05,0.19,167,31.49,7.6,0.18,"No"
9,6,98,1.7,168,96.4,0.06,0.19,200,31.08,7.6,0.18,"No"
10.2,8,97,1.7,189.3,105.9,0.06,0.19,200,32.85,7.6,0.18,"No"
11.8,10,29,1.7,218.8,119.7,0.05,0.19,200,30.39,7.6,0.18,"Yes"
14,18,6,1.7,261.3,140.6,0.06,0.18,226,34.28,7.6,0.18,"No"
14.8,20,14,1.7,277.8,149.3,0.05,0.17,226,35.1,7.6,0.18,"No"
17.2,18,6,1.7,328.2,176.2,0.05,0.15,226,34.7,7.6,0.18,"No"
19.2,15,90,1.7,373.2,201.6,0.05,0.14,231,31.53,7.6,0.18,"No"
1.2,13,43,2.3,20.5,20.5,0.31,0.12,171,29.17,7.6,0.18,"No"
2.8,7,73,2.3,50.1,45.2,0.13,0.13,171,32.57,7.6,0.18,"No"
4.2,9,54,2.3,76.9,58.3,0.09,0.15,171,28.49,7.6,0.18,"No"
5.8,10,94,2.3,109.3,75,0.07,0.17,171,29.17,7.6,0.18,"No"
7.2,9,98,2.3,134.5,86.5,0.06,0.17,171,32.66,7.6,0.18,"No"
8.8,3,99,2.3,164.1,100.3,0.05,0.18,182,32.9,7.6,0.18,"No"
10.2,8,98,2.3,190.2,112.7,0.05,0.18,182,33.09,7.6,0.18,"No"
11.8,7,64,2.3,219.1,125.9,0.04,0.18,182,28.49,7.6,0.18,"Yes"
13.2,11,17,2.3,247.5,140.6,0.06,0.17,226,30.95,7.6,0.18,"Yes"
14.8,14,17,2.3,279.2,156.6,0.05,0.16,226,32.96,7.6,0.18,"No"
16.2,30,20,2.3,308.4,172,0.05,0.15,226,39.29,7.6,0.18,"No"
17.8,16,14,2.3,345.3,193.3,0.05,0.14,226,34.28,7.6,0.18,"No"
19.2,13,10,2.3,375,209.2,0.05,0.14,231,33.42,7.6,0.18,"No"
2.8,12,96,0.8,45.6,25.9,0.1,0.2,145,33.45,7.6,0.18,"No"
4.2,7,96,0.8,70.3,37,0.07,0.22,145,32.09,7.6,0.18,"No"
5.8,9,57,0.8,98.2,49.1,0.05,0.23,145,28.49,7.6,0.18,"Yes"
7.2,6,98,0.8,125.5,62.7,0.04,0.23,145,33.14,7.6,0.18,"No"
8.8,13,99,0.8,156.6,78.2,0.03,0.22,145,29.97,7.6,0.18,"No"
10.2,14,97,0.8,182.1,89.9,0.05,0.22,194,31.49,7.6,0.18,"No"
11.8,15,13,0.8,211.1,103.2,0.05,0.21,194,32,7.6,0.18,"Yes"
14.8,12,91,0.8,271.2,133.8,0.03,0.18,164,35.45,7.6,0.18,"No"
17.8,14,91,0.8,331.1,164.4,0.03,0.16,176,36.8,7.6,0.18,"No"
19.2,13,60,0.8,358.7,178.2,0.06,0.15,250,37.54,7.6,0.18,"No"
2.2,9,15,2,39.1,37.1,0.13,0.12,150,28.49,7.6,0.18,"Yes"
4.2,4,99,2,80.9,59.3,0.13,0.16,200,26,7.6,0.18,"Yes"
5.8,6,54,2,110.2,73,0.06,0.17,158,26.93,7.6,0.18,"Yes"
7.2,14,9,2,137.5,86.4,0.05,0.18,158,31.49,7.6,0.18,"Yes"
8.8,7,96,2,171,104.3,0.04,0.18,154,32.01,7.6,0.18,"No"
10.2,15,34,2,197.1,116.6,0.06,0.18,200,32.49,7.6,0.18,"No"
11.8,23,18,2,228.5,132.3,0.05,0.18,200,35.87,7.6,0.18,"No"
13.2,25,7,2,257.4,147.6,0.05,0.17,200,36.97,7.6,0.18,"No"
14.8,26,20,2,292.1,166.5,0.04,0.16,200,37.66,7.6,0.18,"No"
16.2,17,10,2,323.4,184.1,0.04,0.15,200,34.7,7.6,0.18,"No"
17.8,21,6,2,358.3,203.3,0.04,0.14,200,36.61,7.6,0.18,"No"
19.2,10,29,2,388.9,220.2,0.06,0.13,250,31.49,7.6,0.18,"No"
2.2,7,59,1.1,36.4,25.7,0.08,0.17,118,26.93,7.6,0.18,"Yes"
3.8,10,17,1.1,66.5,40,0.05,0.19,118,28.49,7.6,0.18,"Yes"
5.2,9,61,1.1,93.6,53.4,0.06,0.2,150,28.49,7.6,0.18,"Yes"
6.8,10,15,1.1,124,68.1,0.05,0.21,150,29.17,7.6,0.18,"Yes"
8.2,16,15,1.1,153.5,83.9,0.05,0.2,167,32,7.6,0.18,"Yes"
9.8,13,98,1.1,186.9,101.6,0.04,0.2,167,31.34,7.6,0.18,"No"
11.2,20,20,1.1,212.2,113.1,0.07,0.2,235,34.28,7.6,0.18,"No"
12.8,25,7,1.1,244.1,129.3,0.07,0.19,235,36.25,7.6,0.18,"No"
14.2,19,18,1.1,275.1,146.6,0.06,0.18,235,34.7,7.6,0.18,"No"
15.8,24,18,1.1,308,163.8,0.06,0.16,235,36.97,7.6,0.18,"No"
17.2,21,10,1.1,339.4,181.4,0.05,0.15,235,36.25,7.6,0.18,"No"
18.8,16,98,1.1,374.6,201,0.06,0.14,250,30.09,7.6,0.18,"No"
1.2,7,85,2.3,17.7,17.7,0.18,0.12,130,29.01,7.6,0.18,"No"
2.8,6,30,2.3,43.5,38.6,0.08,0.13,130,26.93,7.6,0.18,"Yes"
4.2,5,90,2.3,70.4,51.8,0.07,0.16,147,26,7.6,0.18,"Yes"
6.8,6,99,2.3,118.2,74.1,0.04,0.18,147,27.35,7.6,0.18,"Yes"
8.8,7,94,2.3,156.3,92.6,0.03,0.19,147,28.12,7.6,0.18,"Yes"
10.1,18,23,2.3,180.5,103.9,0.01,0.19,97,33.19,7.6,0.18,"No"
11.8,13,31,2.3,213.8,120.6,0.01,0.18,97,31.49,7.6,0.18,"No"
13.2,11,94,2.3,241,134.1,0.02,0.18,133,34.77,7.6,0.18,"No"
14.8,18,67,2.3,272.3,149.7,0.02,0.17,133,34.28,7.6,0.18,"No"
16.2,11,30,2.3,300.7,164.3,0.02,0.16,133,31.22,7.6,0.18,"No"
17.8,18,20,2.3,331.9,179.9,0.02,0.15,133,35.1,7.6,0.18,"No"
19.2,43,29,2.3,361.1,195.3,0.02,0.14,133,43.75,7.6,0.18,"No"
1.2,25,81,2.3,16.4,16.4,0.15,0.12,120,34.34,7.6,0.18,"No"
2.8,5,99,2.3,40.1,35.1,0.07,0.13,120,27.34,7.6,0.18,"No"
4.2,6,19,2.3,64.4,45.7,0.09,0.16,167,26.93,7.6,0.18,"Yes"
5.8,7,99,2.3,96.1,61.8,0.06,0.18,159,30.19,7.6,0.18,"No"
7.2,7,99,2.3,121.2,73.1,0.05,0.19,159,31.72,7.6,0.18,"No"
8.8,7,99,2.3,150.1,86.4,0.04,0.19,159,30.74,7.6,0.18,"No"
10.2,6,99,2.3,175.3,97.8,0.04,0.19,159,30.41,7.6,0.18,"No"
11.8,8,66,2.3,203.1,110,0.03,0.19,159,29.17,7.6,0.18,"Yes"
13.2,21,10,2.3,229.7,122.8,0.05,0.18,207,34.7,7.6,0.18,"No"
14.8,19,8,2.3,262.4,139.8,0.05,0.17,207,34.7,7.6,0.18,"No"
16.2,16,7,2.3,291.6,155.3,0.04,0.16,207,33.86,7.6,0.18,"No"
17.2,8,82,2.3,313,166.8,0.04,0.15,207,30.1,7.6,0.18,"No"
19.2,10,97,2.3,351.7,185.9,0.05,0.14,235,31.92,7.6,0.18,"No"
2.8,13,80,0.99,50.9,33.2,0.06,0.38,113,29.8,7.6,0.38,"Yes"
4.2,8,80,0.99,78.6,47.1,0.08,0.41,155,27.75,7.6,0.38,"Yes"
5.4,13,90,0.99,101.8,58.5,0.09,0.42,194,30.39,7.6,0.38,"Yes"
7.2,15,90,0.99,138,77.1,0.08,0.43,205,31.49,7.6,0.38,"Yes"
9.2,15,82,0.99,179.3,98.7,0.06,0.42,188,32,7.6,0.38,"Yes"
11.2,16,90,0.99,219.5,119.3,0.06,0.4,206,32.96,7.6,0.38,"Yes"
12.2,18,95,0.99,239.3,129.3,0.05,0.39,206,36.88,7.6,0.38,"No"
13.8,17,88,0.99,271.8,146.1,0.07,0.37,242,33.86,7.6,0.38,"Yes"
15.2,21,78,0.99,299.5,160.1,0.08,0.35,281,35.87,7.6,0.38,"No"
17.2,30,20,0.99,339.1,180,0.1,0.33,315,39.29,7.6,0.38,"No"
1.2,30,43,0.7,39.7,34.8,0.23,0.28,149,35.1,7.6,0.38,"No"
3.2,15,10,0.7,84.1,59.6,0.05,0.35,113,30.95,7.6,0.38,"Yes"
6.2,20,32,0.7,150.4,96.4,0.09,0.37,205,33.86,7.6,0.38,"Yes"
8.6,13,57,0.7,206.1,128.6,0.06,0.37,195,32,7.6,0.38,"Yes"
10.2,18,38,0.7,237.1,143.9,0.05,0.37,188,34.28,7.6,0.38,"Yes"
12.2,21,19,0.7,279.2,166.3,0.05,0.36,206,35.87,7.6,0.38,"Yes"
13.2,33,58,0.7,299.8,177.2,0.07,0.35,242,40.2,7.6,0.38,"No"
14.2,36,19,0.7,320.6,188.2,0.06,0.34,242,41.35,7.6,0.38,"No"
14.8,62,11,0.7,333.6,195.3,0.08,0.33,281,48.35,7.6,0.38,"No"
16.2,49,26,0.7,362.6,210.5,0.08,0.31,281,45.69,7.6,0.38,"No"
1.2,41,22,5,24.8,24.8,0.27,0.25,161,36.97,7.6,0.38,"No"
4.2,10,42,5,67.6,67.6,0.08,0.24,161,29.17,7.6,0.38,"No"
5.8,9,25,5,96.8,89,0.08,0.26,184,29.17,7.6,0.38,"Yes"
7.2,23,19,5,125.1,103.5,0.07,0.29,184,35.1,7.6,0.38,"Yes"
8.8,14,43,5,161.1,123.8,0.05,0.3,184,32,7.6,0.38,"Yes"
10.2,18,55,5,189.6,138.6,0.05,0.31,184,36.37,7.6,0.38,"No"
11.8,13,85,5,221.9,155.2,0.04,0.31,184,36.71,7.6,0.38,"No"
13.2,17,80,5,250.4,169.9,0.07,0.3,250,42,7.6,0.38,"No"
14.8,18,97,5,282.2,186.1,0.07,0.29,250,52.08,7.6,0.38,"No"
17.8,31,80,5,342.5,217,0.08,0.27,294,40.49,7.6,0.38,"No"
19.2,38,29,5,371.3,232,0.08,0.26,294,43.24,7.6,0.38,"No"
1.2,27,13,1.5,21.5,21.5,0.24,0.25,150,33.42,7.6,0.38,"No"
3.8,15,30,1.5,74.1,51.5,0.08,0.35,150,30.95,7.6,0.38,"Yes"
5.8,14,30,1.5,115.1,73,0.06,0.38,160,30.95,7.6,0.38,"Yes"
7.2,22,6,1.5,144.2,88.3,0.05,0.39,160,34.28,7.6,0.38,"Yes"
10.2,5,73,1.5,208,122.7,0.08,0.38,240,31.34,7.6,0.38,"No"
10.8,4,97,1.5,220.2,129,0.08,0.38,240,32.48,7.6,0.38,"No"
11.8,16,98,1.5,240.3,139.3,0.07,0.37,240,31.23,7.6,0.38,"No"
13.2,14,96,1.5,267.4,152.7,0.07,0.36,240,30.84,7.6,0.38,"No"
14.8,18,98,1.5,299.3,168.9,0.06,0.34,240,34.58,7.6,0.38,"No"
16.2,18,99,1.5,326.4,182.2,0.05,0.32,214,32.9,7.6,0.38,"No"
17.8,28,36,1.5,358.2,198.3,0.04,0.3,214,39.29,7.6,0.38,"No"
18.8,63,16,1.5,378.9,209.2,0.04,0.29,214,48.98,7.6,0.38,"No"
7.2,6,94,1.9,147.5,95.5,0.15,0.37,277,34.71,7.6,0.38,"No"
8.8,63,67,1.9,179.4,111.7,0.12,0.37,277,34.9,7.6,0.38,"No"
12,14,75,1.9,245.5,146.4,0.17,0.36,363,35.1,7.6,0.38,"No"
13.2,42,42,1.9,269.7,158.9,0.15,0.35,363,42.18,7.6,0.38,"No"
14.8,36,35,1.9,302.7,176.2,0.14,0.33,363,41.07,7.6,0.38,"No"
16.2,30,91,1.9,332.1,191.8,0.13,0.31,363,39.6,7.6,0.38,"No"
17.8,33,49,1.9,366,210.1,0.12,0.29,363,41.07,7.6,0.38,"No"
1.8,4,98,1.14,29.7,23.2,0.3,0.56,208,24.9,7.6,0.67,"Yes"
3.2,14,51,1.14,56.9,36.7,0.06,0.67,122,33.77,7.6,0.67,"No"
4.2,8,32,1.14,76.7,46.7,0.05,0.71,130,27.75,7.6,0.67,"Yes"
5.2,21,46,1.14,96.1,56.3,0.05,0.73,145,32.96,7.6,0.67,"Yes"
6.2,16,15,1.14,114.1,64.5,0.08,0.75,188,31.49,7.6,0.67,"Yes"
8.6,18,29,1.14,163.2,90,0.07,0.74,209,32.96,7.6,0.67,"Yes"
11.2,23,33,1.14,216.7,118,0.08,0.71,239,35.49,7.6,0.67,"No"
12.2,36,32,1.14,238.2,129.7,0.07,0.69,239,39.6,7.6,0.67,"No"
13.2,28,35,1.14,259.7,141.4,0.08,0.67,261,37.66,7.6,0.67,"Yes"
14.2,58,32,1.14,281.5,153.4,0.08,0.64,261,45.92,7.6,0.67,"No"
2,10,58,0.75,37.7,25.4,0.27,0.65,208,36.88,7.6,0.67,"No"
4.2,9,54,0.75,82.5,48.7,0.05,0.73,130,28.49,7.6,0.67,"Yes"
7.2,11,55,0.75,144.6,81.3,0.07,0.74,188,29.8,7.6,0.67,"Yes"
10.2,21,52,0.75,206.5,113.8,0.08,0.72,239,34.7,7.6,0.67,"Yes"
12.2,24,9,0.75,248.3,135.9,0.07,0.69,239,36.25,7.6,0.67,"Yes"
13.2,24,15,0.75,269.7,147.6,0.08,0.66,261,36.61,7.6,0.67,"Yes"
14.2,19,34,0.75,291.4,159.4,0.08,0.64,261,35.1,7.6,0.67,"Yes"
6.2,13,54,0.5,123.1,67.2,0.08,0.77,188,36.88,7.6,0.67,"No"
8.8,15,51,0.5,176.8,95.4,0.07,0.76,209,32,7.6,0.67,"Yes"
11.2,13,40,0.5,226.6,121.7,0.08,0.72,239,31.49,7.6,0.67,"Yes"
13.2,20,16,0.5,270.2,145.6,0.08,0.67,261,35.1,7.6,0.67,"Yes"
14.2,20,21,0.5,291.9,157.5,0.08,0.65,261,35.49,7.6,0.67,"Yes"
15.2,15,19,0.5,313.2,169,0.07,0.62,260,33.42,7.6,0.67,"Yes"
16.2,30,10,0.5,334.5,180.5,0.07,0.59,260,39.29,7.6,0.67,"No"
17.2,28,13,0.5,356.3,192.4,0.07,0.56,262,38.97,7.6,0.67,"No"
18.2,18,5,0.5,378,204.4,0.06,0.54,262,35.49,7.6,0.67,"Yes"
19.2,32,10,0.5,400.1,216.6,0.07,0.52,268,40.78,7.6,0.67,"No"
2.8,9,31,1.57,55.2,43.1,0.07,0.55,122,28.49,7.6,0.67,"Yes"
3.8,18,19,1.57,75.8,54,0.06,0.6,130,32,7.6,0.67,"Yes"
5.6,26,36,1.57,112.9,73.4,0.05,0.65,145,35.1,7.6,0.67,"No"
8.2,19,15,1.57,169.1,104.1,0.08,0.67,209,33.86,7.6,0.67,"Yes"
0.8,8,13,3.6,12.1,12.1,0.85,0.44,233,26.93,7.6,0.67,"No"
1.8,8,10,3.6,28.9,28.9,0.3,0.44,208,27.75,7.6,0.67,"No"
2.8,1,13,3.6,43.1,43.1,0.07,0.43,122,23.46,7.6,0.67,"No"
3.8,4,31,3.6,58.9,56.9,0.06,0.45,130,26,7.6,0.67,"Yes"
5.2,21,10,3.6,87.6,71.9,0.05,0.52,145,33.42,7.6,0.67,"Yes"
6.2,14,36,3.6,109.2,83.7,0.08,0.55,188,31.49,7.6,0.67,"Yes"
7.2,18,26,3.6,131.4,96,0.07,0.57,188,32.96,7.6,0.67,"Yes"
8.2,22,33,3.6,153,107.9,0.08,0.59,209,34.7,7.6,0.67,"Yes"
9.2,41,27,3.6,174.9,120,0.09,0.59,239,40.78,7.6,0.67,"No"
10.2,22,26,3.6,197.3,132.5,0.08,0.59,239,35.49,7.6,0.67,"Yes"
11.2,24,8,3.6,219.8,145.3,0.08,0.59,239,36.61,7.6,0.67,"Yes"
12.2,21,9,3.6,242.2,157.8,0.07,0.58,239,35.87,7.6,0.67,"Yes"
13.2,25,67,3.6,263.3,169.2,0.08,0.56,261,37.32,7.6,0.67,"No"
14.2,22,52,3.6,284.6,180.6,0.08,0.55,261,36.61,7.6,0.67,"No"
15.2,15,53,3.6,305.8,192,0.07,0.53,260,33.86,7.6,0.67,"Yes"
0.8,14,23,1.03,13.1,13.1,0.33,0.44,145,29.17,7.6,0.67,"No"
3.8,16,19,1.03,73.7,46.5,0.11,0.68,177,30.95,7.6,0.67,"Yes"
6.8,23,14,1.03,136.7,80.1,0.05,0.72,151,34.28,7.6,0.67,"Yes"
7.8,11,10,1.03,157.9,91.5,0.04,0.72,143,30.39,7.6,0.67,"Yes"
9.8,15,23,1.03,198.9,112.8,0.03,0.71,149,32.49,7.6,0.67,"Yes"
10.8,17,18,1.03,219.8,123.9,0.03,0.7,149,33.42,7.6,0.67,"Yes"
15.8,25,18,1.03,323,178.1,0.05,0.59,224,37.66,7.6,0.67,"Yes"
17.8,12,17,1.03,366.9,202.4,0.06,0.54,245,32.49,7.6,0.67,"Yes"
18.8,26,26,1.03,387.9,213.5,0.05,0.52,245,38.65,7.6,0.67,"No"
19.8,28,17,1.03,408.9,224.7,0.06,0.5,265,39.6,7.6,0.67,"No"
1.2,11,49,3.2,19.3,19.3,0.18,0.44,130,28.49,7.6,0.67,"No"
3.8,18,20,3.2,64.6,58.7,0.1,0.47,167,32,7.6,0.67,"Yes"
5.8,16,50,3.2,108.7,83.2,0.07,0.55,179,32,7.6,0.67,"Yes"
7.2,16,40,3.2,138.4,99.2,0.06,0.58,179,32.49,7.6,0.67,"Yes"
8.8,15,72,3.2,171.8,116.9,0.05,0.6,179,42.81,7.6,0.67,"No"
10.2,13,65,3.2,200.9,132.3,0.05,0.61,179,32,7.6,0.67,"Yes"
11.8,27,27,3.2,234,149.6,0.04,0.6,179,37.66,7.6,0.67,"No"
13.2,30,20,3.2,263.2,165.1,0.04,0.58,179,38.97,7.6,0.67,"No"
14.8,35,49,3.2,296.9,183.1,0.03,0.55,179,41.07,7.6,0.67,"No"
18.8,24,45,3.2,386.7,233.7,0.03,0.47,179,38.65,7.6,0.67,"No"
1.2,3,65,0.5,21.7,14.8,0.11,0.64,104,24.24,7.6,0.67,"Yes"
3.8,8,61,0.5,74,41.6,0.04,0.77,104,27.75,7.6,0.67,"Yes"
5.8,9,75,0.5,115.4,63.4,0.07,0.77,167,36.05,7.6,0.67,"No"
7.5,25,45,0.5,151.7,83,0.05,0.76,167,35.1,7.6,0.67,"Yes"
8.8,21,44,0.5,179.1,97.7,0.05,0.75,167,34.28,7.6,0.67,"Yes"
10.2,24,51,0.5,208.5,113.4,0.04,0.73,167,35.49,7.6,0.67,"No"
11.8,27,58,0.5,242.3,131.4,0.04,0.7,167,36.97,7.6,0.67,"No"
13.2,17,77,0.5,270.8,146.3,0.03,0.67,167,36.97,7.6,0.67,"No"
14.8,38,29,0.5,304.7,164.4,0.03,0.63,167,41.35,7.6,0.67,"No"
16.2,13,72,0.5,334.1,180.1,0.06,0.59,250,36.97,7.6,0.67,"No"
17.8,13,76,0.5,367.5,197.7,0.06,0.55,250,34.97,7.6,0.67,"No"
19.2,11,82,0.5,396.8,213.3,0.1,0.52,333,34.46,7.6,0.67,"No"
1.2,27,36,1.4,20.4,20.4,0.18,0.44,130,33.42,7.6,0.67,"No"
3.8,14,69,1.4,70.3,46.7,0.06,0.65,130,30.39,7.6,0.67,"Yes"
5.8,16,22,1.4,109.3,66.2,0.04,0.7,130,31.49,7.6,0.67,"Yes"
7.2,19,70,1.4,139.1,82.2,0.08,0.71,200,32.96,7.6,0.67,"Yes"
8.8,28,71,1.4,173.1,100.5,0.05,0.71,182,37.25,7.6,0.67,"No"
10.2,21,71,1.4,202.9,116.6,0.05,0.69,182,34.7,7.6,0.67,"Yes"
11.8,26,51,1.4,236.6,134.6,0.04,0.67,182,36.97,7.6,0.67,"No"
13.2,18,74,1.4,266.4,150.6,0.04,0.64,182,34.1,7.6,0.67,"No"
14.8,23,40,1.4,299.3,167.8,0.04,0.61,182,36.61,7.6,0.67,"No"
16.2,37,35,1.4,328.6,183.5,0.03,0.57,182,41.63,7.6,0.67,"No"
17.8,16,67,1.4,362.9,202,0.03,0.53,182,38.27,7.6,0.67,"No"
19.2,17,67,1.4,391.8,217.2,0.03,0.51,182,37.54,7.6,0.67,"No"
